level,phrase,word,embedding
1,this is a test,this,"[-5.67367673e-01 -2.56111532e-01  3.12384278e-01 -9.04672503e-01
  6.23130560e-01 -2.04584107e-01 -4.75676656e-02  6.93144321e-01
 -3.47207099e-01 -1.06763333e-01 -2.19912499e-01 -5.03224134e-01
  3.68123688e-02  4.34196889e-01  3.59258801e-01  6.44352674e-01
  6.81261644e-02  3.03204775e-01 -3.87908332e-02 -1.75208807e-01
  2.42110431e-01  3.95038426e-01 -4.13428187e-01  2.94528574e-01
  1.08349037e+00 -4.16775465e-01  3.44994366e-01 -1.55694366e-01
 -1.08838491e-01 -5.30551970e-02 -3.52647901e-02  6.92516565e-01
 -6.26040623e-02 -1.34124696e-01 -3.72474015e-01 -2.81037480e-01
  4.35741127e-01 -6.89466655e-01 -2.79502034e-01  3.99460196e-01
 -4.39532340e-01 -4.73875225e-01  4.44629639e-01  5.42407930e-01
 -9.18926001e-02 -6.36522591e-01  6.43987209e-02 -7.42508113e-01
 -6.06653094e-02 -3.28285664e-01 -8.47544491e-01  1.43787265e-01
 -1.21620923e-01  3.43553066e-01 -8.90254080e-01  6.30658865e-01
  3.74503657e-02 -3.03060025e-01 -3.21049571e-01  7.56307691e-02
  1.02717185e+00  1.66488126e-01  3.01627666e-01 -1.87352493e-01
  3.09642345e-01  7.69368410e-01  5.38574979e-02  7.40465939e-01
 -1.06106877e+00 -2.65168488e-01 -7.76824296e-01 -6.84175372e-01
 -9.19839293e-02  1.36158124e-01  4.81351838e-02  2.14019790e-02
  4.08625342e-02 -1.45833477e-01 -2.99580842e-01 -9.54089940e-01
  1.05780102e-02  1.01051211e+00  7.53268227e-02 -6.55964017e-02
 -8.70456547e-03  3.42995346e-01 -6.62647665e-01  3.09446920e-02
 -4.21965957e-01  6.94198847e-01 -2.50320099e-02 -6.59090042e-01
  2.04212025e-01 -2.44119577e-02  9.90955979e-02 -8.29442859e-01
  2.32136518e-01 -2.96837743e-02  4.08573627e-01 -1.72370628e-01
 -5.07288873e-01 -1.89028203e+00 -2.54146159e-02 -4.15567666e-01
  5.39307237e-01 -4.71113026e-01  3.96611154e-01  1.08874297e+00
  4.57812279e-01 -1.48479211e+00  4.38165367e-01  1.92680553e-01
 -6.61551654e-02 -3.39641422e-02 -6.85380399e-01  1.03195500e+00
  1.27198458e-01  5.61775789e-02  2.31312871e-01 -1.27455503e-01
 -9.47071910e-01  1.82771057e-01  9.49527696e-02  7.31260777e-01
 -1.79785639e-02  3.31745952e-01  3.51116508e-01  6.55732751e-01
  2.14962527e-01 -4.34416115e-01  2.69249976e-01  1.07974041e+00
  6.37190342e-01 -8.22745621e-01 -5.40384591e-01 -6.09574497e-01
 -1.77732557e-01 -8.80143642e-01 -6.76284075e-01 -9.48998481e-02
  5.93535304e-01 -1.18867926e-01  9.46872234e-02  1.38956696e-01
  1.95580423e-01 -1.14874542e-03 -5.29881239e-01 -7.72452116e-01
  4.18880999e-01  8.91868398e-03  2.36451164e-01  2.29255900e-01
 -1.71636119e-01 -4.10636187e-01 -5.90074122e-01 -2.70066261e-01
 -1.90794110e-01  5.09768188e-01  1.11361288e-01  5.69507778e-01
  6.21156573e-01  1.63786083e-01  8.65110397e-01  6.17171109e-01
  6.04084134e-02 -4.21022743e-01 -2.42835313e-01 -1.64294630e-01
  2.38794118e-01 -2.90477782e-01 -2.48177111e-01 -9.69238341e-01
  7.67263174e-01  4.13954705e-01 -1.50005460e-01 -2.33992010e-01
  6.16873085e-01 -3.65417868e-01  4.80589777e-01  4.68521342e-02
 -6.39455080e-01  3.23482573e-01 -5.19342422e-01 -9.20648277e-02
  3.13018590e-01 -1.36515886e-01  3.56982917e-01 -9.02570784e-01
 -4.26957875e-01  1.02421141e+00 -4.57443178e-01  6.08209372e-01
 -6.34439439e-02 -6.89698756e-01  6.84164464e-01 -3.09698164e-01
 -7.32787669e-01 -5.72965860e-01  3.88969421e-01  1.33377314e-01
  2.20422268e-01  4.75540727e-01 -2.64135659e-01  1.36884525e-01
 -1.34084642e-01  1.76612115e+00  6.21627212e-01  9.21112597e-02
  7.15738595e-01 -3.53390992e-01 -4.44353223e-02  1.68233562e+00
  4.00299951e-03 -2.90051639e-01  2.36802027e-01  2.68843293e-01
 -2.21079290e-01  8.27637911e-02  1.84139729e-01  4.09051090e-01
  4.11676288e-01  3.55395228e-02 -4.20619309e-01  6.48504376e-01
 -2.40357548e-01  1.06729841e+00  2.87109256e-01  3.52084458e-01
  3.36229771e-01 -5.12675822e-01 -4.25179422e-01 -3.98534805e-01
 -8.60928968e-02  5.01504540e-01 -5.86453341e-02  8.86133552e-01
  9.03945863e-02 -1.43828779e-01 -9.15712267e-02  4.82197464e-01
  9.54247266e-03  4.73571271e-01 -1.99002177e-02  7.77616084e-01
 -9.40090775e-01 -2.54677236e-01 -1.86675161e-01 -5.54157197e-01
 -3.08736593e-01 -2.97380060e-01 -2.96585113e-01 -6.09935701e-01
 -5.22351384e-01 -5.46428680e-01 -1.24429357e+00  4.64280769e-02
 -1.88854516e-01  5.00708044e-01  6.87774420e-02  6.55230463e-01
  1.35544211e-01  2.96264082e-01  2.76704937e-01  2.64523774e-02
 -8.26595664e-01  3.81118119e-01 -6.81602120e-01  5.79815865e-01
  6.90778434e-01  3.62040579e-01 -8.06976080e-01 -8.23453546e-01
  4.32248972e-02 -1.16914594e+00 -4.62226719e-01 -1.51177749e-01
  1.97034329e-02  2.69718587e-01 -4.69709873e-01  7.04672575e-01
  3.78974229e-01  1.22681260e+00 -4.93421823e-01  5.08956313e-01
  2.78817356e-01 -7.56046593e-01  4.48802620e-01  3.31522018e-01
  1.87508047e-01 -5.00600338e-01 -6.14582479e-01  3.86370987e-01
 -2.68726349e-01 -7.18365371e-01  5.02603829e-01  9.44591239e-02
  6.18423820e-01 -8.24778974e-02 -2.45295420e-01 -6.53469682e-01
 -1.92932039e-01 -7.42906213e-01  7.08063394e-02  1.40577495e-01
 -6.12610936e-01  3.39656293e-01 -3.65557730e-01 -5.13721645e-01
 -4.35035372e+00  2.36143142e-01 -1.50956586e-01 -2.36388192e-01
 -1.92789763e-01 -1.47107720e-01 -4.29427698e-02 -1.07934721e-01
 -6.06572270e-01  1.40728980e-01 -1.76540807e-01 -1.08552349e+00
 -4.06982273e-01  6.04763865e-01  5.53598627e-04  2.56419815e-02
  3.95202398e-01  9.20582533e-01 -6.69684634e-02  1.25163352e+00
 -3.19099844e-01 -3.04293454e-01 -3.62161040e-01 -5.55106282e-01
 -6.56571984e-01  6.36303961e-01 -3.21295649e-01  6.49097562e-01
 -8.39381933e-01  5.12076318e-01  3.15314829e-01 -2.81606346e-01
  1.83921456e-01 -4.05264020e-01 -2.27136046e-01  2.39607543e-01
  3.44531536e-01 -5.20690501e-01  1.92191109e-01 -1.45358384e-01
 -4.15722042e-01 -1.07623413e-01  5.43847024e-01  4.61538196e-01
  5.64800322e-01  1.89079836e-01 -4.88432467e-01 -4.99469072e-01
 -3.10562402e-02  1.00061804e-01 -5.95327437e-01 -4.26328480e-01
  1.70220524e-01  1.54405266e-01 -8.45253468e-02  2.08977103e-01
 -8.78135115e-02 -2.24118680e-01  3.84132683e-01  2.34504491e-01
  4.00673717e-01 -8.49770486e-01 -1.10640228e-01  2.84476489e-01
 -1.97624266e-01 -1.09426773e+00 -1.57855883e-01 -1.98726326e-01
  2.41035461e-01  6.64750040e-01 -3.84835720e-01  8.34152550e-02
  4.33183014e-01 -1.43334723e+00 -1.85580909e-01  8.96835029e-02
  2.60475129e-01  9.59125236e-02  1.34734166e+00 -4.07530069e-01
 -7.48934746e-01 -8.12388897e-01  1.19098172e-01  1.50973737e-01
  3.84734511e-01 -2.82744020e-01  7.40188837e-01  3.62290181e-02
 -3.00362796e-01 -2.95239866e-01 -6.01024389e-01  1.06795132e+00
  9.11882520e-03  6.19108975e-01  2.70377640e-02  2.08224952e-02
  5.07287443e-01 -4.31590438e-01  3.50492537e-01 -7.85227120e-02
  4.38279867e-01 -5.66568017e-01  7.60302961e-01 -3.56895886e-02
  8.19208980e-01 -4.93274815e-02 -6.81579232e-01  8.67572069e-01
 -1.24292493e-01  4.34936553e-01 -3.65437210e-01 -4.35033023e-01
 -9.86035764e-02 -5.87747812e-01 -2.77193844e-01  7.25900114e-01
 -4.79606837e-01  6.59148514e-01  5.66226780e-01  2.25097746e-01
  4.09862876e-01  6.06059194e-01 -4.45137978e-01 -7.58086741e-01
 -8.94167840e-01  2.35944614e-01 -5.59706628e-01  6.48392498e-01
 -9.85607386e-01  1.62879914e-01 -6.45573735e-01  9.90032926e-02
 -3.62212390e-01 -3.71831775e-01  7.06279337e-01 -3.44324917e-01
 -5.68232715e-01  9.63431954e-01  1.05775690e+00  2.91012526e-02
  5.95009848e-02  6.72412813e-01 -3.77022550e-02  6.43775403e-01
  5.98531216e-02  8.45658004e-01  9.05465037e-02 -6.92805886e-01
 -5.06221235e-01  2.83554792e-01 -1.89022318e-01 -6.68796480e-01
  1.27433270e-01 -4.83745962e-01 -1.35546327e-02  4.21481952e-02
  5.97653151e-01 -1.06753312e-01 -2.93120649e-02 -6.79973781e-01
 -4.50337902e-02 -1.83059186e-01 -8.66527483e-02 -1.70143187e-01
  8.40809941e-01  3.43998432e-01  3.40726972e-01 -1.53022602e-01
 -5.98499358e-01 -2.97390193e-01 -5.58188319e-01  5.66788763e-03
 -6.42085895e-02 -5.17500937e-01  6.62958026e-02 -2.49221250e-01
  9.45610851e-02  1.75381321e-02  3.35085034e-01  2.62950689e-01
  7.84500241e-02  3.29236746e-01  1.65721960e-02  1.40191048e-01
  1.11819401e-01 -1.01816639e-01 -1.12374589e-01 -4.09690887e-01
  1.71453908e-01  6.01082385e-01  1.13149993e-02  4.69494797e-02
 -3.67888749e-01 -5.31191111e-01 -9.96300578e-01 -4.14830387e-01
  2.72632420e-01 -3.83093953e-01  5.82432091e-01  6.20449722e-01
  6.76498473e-01  6.48672819e-01 -3.30740482e-01 -3.26694138e-02
  2.39351571e-01  5.07358313e-01 -1.35075942e-01  4.80713725e-01
  3.76744866e-02 -2.62324214e-01 -5.33442914e-01 -2.08775073e-01
 -2.85547912e-01 -8.73595595e-01 -1.20404735e-01 -2.01579839e-01
 -3.07633013e-01  6.21464312e-01 -4.17303562e-01 -4.92786467e-01
 -6.76893517e-02 -3.45391095e-01  2.15613544e-02  1.37953132e-01
 -6.55450523e-01 -5.65604806e-01 -2.25934535e-02 -1.07292259e+00
  2.22500324e-01 -2.32333452e-01 -1.94298580e-01 -5.30850053e-01
  2.77320147e-01  2.40709126e-01 -1.80379450e-01 -1.04103053e+00
 -9.96170104e-01 -2.39733100e-01 -1.41181543e-01 -1.44862682e-01
  3.44425768e-01 -8.09142590e-01  2.80648112e-01 -5.89088917e-01
 -5.67249596e-01 -8.48955393e-01  2.37640619e-01  8.20817426e-02
  1.42356992e-01  9.51144218e-01 -3.11111629e-01  7.44458795e-01
 -1.16560288e-01 -9.89055783e-02  3.57537091e-01 -4.48808044e-01
  5.40514708e-01  4.92504686e-01 -2.64698535e-01 -8.00055638e-03
  3.52187186e-01  3.03118490e-02  1.73670113e-01  1.19436181e+00
 -2.89143980e-01  5.48410356e-01  2.61712909e-01  1.26801178e-01
 -4.11700904e-02  6.25972450e-01 -9.04458761e-01  3.22384089e-01
  1.15892455e-01  4.32214260e-01  4.02642518e-01 -3.48086715e-01
  5.61787039e-02 -1.25026956e-01 -3.03842336e-01 -2.81549878e-02
  8.15370381e-01  4.86568481e-01 -8.58170092e-01 -4.02240247e-01
  5.02471589e-02  5.27543202e-02 -4.44467850e-02 -1.76768675e-02
  5.40808737e-01 -3.34642023e-01 -6.38844073e-01  2.00332552e-01
  5.26741803e-01  4.68522638e-01 -7.82295316e-03  3.42217386e-01
  7.71937370e-01  4.91666377e-01 -1.93318412e-01 -1.97454870e-01
 -3.23543698e-01  3.56902748e-01 -2.87100762e-01  5.23076653e-01
 -2.41879925e-01  3.35129350e-01  6.66222632e-01 -1.99273974e-01
 -2.47619301e-01  2.17197284e-01 -1.17195725e-01 -3.06174867e-02
  2.42902979e-01  1.44241303e-01 -2.01929167e-01  2.22362116e-01
  6.49483263e-01 -6.21424735e-01 -2.98650086e-01  3.79740715e-01
 -2.63652056e-01 -3.79166007e-01  3.61113340e-01  2.37493385e-02
 -5.59060335e-01  5.53615212e-01 -8.11210871e-01 -1.69159062e-02
 -1.32196277e-01 -2.85768509e-01  1.57136135e-02 -1.54146433e-01
 -8.35042179e-01  1.07857430e+00 -8.49104166e-01  5.67928731e-01
  2.84012035e-03 -6.73218668e-01  3.54193300e-01  2.29773432e-01
 -4.49355274e-01  6.25665635e-02  7.20179617e-01  9.07339752e-01
 -5.21213226e-02 -2.32182905e-01 -1.82338685e-01  2.23658711e-01
  1.40396744e-01  3.72451097e-01  4.34709251e-01  3.10501307e-01
  3.07867765e-01 -5.69731176e-01  1.13992438e-01  4.79055434e-01
  5.22473574e-01  5.76681376e-01  1.92320168e-01 -8.47747743e-01
  3.15577179e-01  7.23854601e-02  7.41178215e-01 -6.79869473e-01
 -1.26326695e-01  5.84232509e-02  5.29428244e-01  2.60657668e-01
 -3.94875258e-01  5.62175363e-02 -5.16168922e-02  3.86785209e-01
  4.09343302e-01  2.91407198e-01 -1.19762748e-01  4.95674372e-01
 -1.23512670e-02  6.27567917e-02 -9.98194292e-02 -5.08070886e-01
  3.23408037e-01  3.42575818e-01 -9.96737853e-02 -2.03631714e-01
 -2.42500797e-01 -6.61524355e-01  2.18221903e-01  1.06557198e-01
  4.92041782e-02 -3.61431718e-01  3.22137386e-01 -1.51938468e-01
  2.24345088e-01  1.28713936e-01  5.97128868e-01 -4.03058171e-01
  1.58044621e-02  3.57463479e-01  9.20713782e-01 -5.12949586e-01
  5.19996405e-01 -3.46194088e-01  1.11777179e-01 -4.92010742e-01
 -9.16579738e-02  2.84891576e-01 -6.41479611e-01  6.44916594e-01
 -4.16881025e-01 -9.12147343e-01  2.52415121e-01  4.13515627e-01
 -2.85449594e-01 -1.27814263e-01 -7.21668780e-01  7.62490511e-01
  2.97383457e-01 -3.10115308e-01 -3.75816196e-01  7.18329668e-01
 -6.80061698e-01 -5.35471559e-01 -1.83469921e-01  1.01070881e+00
 -4.62673217e-01 -1.88776478e-01 -1.09817214e-01  2.23309770e-01
 -9.61641848e-01 -4.20456409e-01  1.89027339e-01  6.85454667e-01
  2.66037732e-01 -2.43738562e-01  2.77265310e-01 -1.06488466e+00
  6.51807845e-01 -3.21422428e-01  4.67215717e-01 -3.93774629e-01
  6.76584244e-02  9.79783893e-01  2.99826153e-02  3.04113686e-01
 -2.44774842e+00 -2.09649593e-01 -1.82351708e-01 -1.11215508e+00
  5.98987162e-01 -2.62720380e-02  8.20342064e-01  7.95043558e-02
  5.14084339e-01 -7.32940733e-02 -7.07284868e-01  9.81470287e-01
  3.65709007e-01 -7.81766474e-01  2.18995258e-01  5.92704296e-01]"
1,this is a test,is,"[-2.36159712e-01 -3.17651570e-01  6.95344925e-01 -4.87560600e-01
 -1.73683852e-01 -5.17130613e-01 -4.73867208e-02  6.56003654e-01
 -4.03919131e-01 -6.50508523e-01  5.08880913e-02 -4.61177915e-01
 -5.11059582e-01  6.20152831e-01 -3.30870718e-01  4.38018084e-01
  1.52034119e-01 -2.47796297e-01 -1.24187022e-02 -2.47998819e-01
 -2.04027653e-01  1.03005564e+00 -5.55073559e-01  1.93656027e-01
  5.93993843e-01  1.01702109e-01  9.15819630e-02 -9.53116298e-01
  1.52395874e-01  4.15183961e-01  4.91392732e-01  3.44608784e-01
  2.26849705e-01 -5.22375584e-01 -5.87636352e-01 -5.47046423e-01
  1.28464833e-01 -5.68011880e-01 -9.11663413e-01  2.01045498e-01
 -7.98478067e-01 -6.64198339e-01  3.95242751e-01  3.84904593e-01
 -2.52835482e-01 -2.90535808e-01  8.05357635e-01 -2.62386441e-01
  3.75099540e-01 -3.81448656e-01 -8.85068417e-01 -2.55096316e-01
  3.51114124e-01  5.55996537e-01 -4.00141984e-01  3.97690982e-01
 -4.93288077e-02 -8.05675268e-01 -5.95359027e-01  2.30751410e-02
  3.86808366e-01 -1.81785673e-02  1.21719673e-01 -8.99337530e-02
  4.40512061e-01  7.16257930e-01 -1.97737142e-01  2.12034836e-01
 -6.81937933e-01 -3.98289710e-02 -3.17589313e-01 -6.36060596e-01
  2.35980034e-01 -7.54084066e-03 -5.19977033e-01 -8.60709026e-02
 -4.07615423e-01 -1.57965705e-01  4.21562105e-01 -1.02688074e+00
 -3.41762722e-01  1.39607382e+00 -1.66116357e-01  7.12938756e-02
  1.20618798e-01 -6.76980138e-01 -1.21805049e-01  2.80605912e-01
 -6.04077935e-01  5.46840951e-02  3.80592912e-01 -3.70955586e-01
  7.07128048e-01 -3.57198238e-01  3.31309468e-01 -8.69862497e-01
  4.56338137e-01 -1.39059320e-01  1.22927874e-01 -2.16338992e-01
 -2.52916008e-01 -1.46052098e+00  4.30297494e-01 -1.63432792e-01
 -3.11698020e-02 -2.64342844e-01 -4.78248328e-01  1.42953527e+00
  5.47388256e-01 -2.96080619e-01  6.32934868e-01 -2.18523428e-01
 -1.96162924e-01 -1.14081867e-01 -4.44474488e-01  9.19355214e-01
  1.18959084e-01 -1.14128441e-01  2.65194308e-02 -2.73058921e-01
 -7.83179253e-02 -4.87664104e-01 -5.45124486e-02  8.03080261e-01
 -3.44069481e-01  6.53462410e-01 -3.80075723e-01  2.53893018e-01
  2.47651994e-01 -5.25943756e-01  3.05993855e-01  8.02439213e-01
  8.21123719e-01 -8.37563932e-01  3.72652590e-01 -1.38943106e-01
 -3.43182951e-01 -1.97650209e-01 -1.08858311e+00 -1.99075490e-02
  7.55826592e-01  4.52164799e-01  7.75851548e-01 -1.71498269e-01
 -8.40899870e-02 -3.63996118e-01 -6.35325909e-01  3.30026895e-02
  6.57595515e-01 -2.35141426e-01 -4.69206832e-02  5.06096125e-01
 -5.18896654e-02 -8.36739540e-01 -2.98510373e-01 -7.67688274e-01
 -1.42267138e-01  6.32101595e-01  1.02343477e-01  2.04857290e-01
  4.33506429e-01  3.02828372e-01  1.64650101e-02  4.95858103e-01
  2.15639636e-01 -3.46018493e-01 -3.50117177e-01  4.46474999e-01
  6.94781721e-01 -5.80368280e-01 -2.83258036e-02 -4.27732527e-01
  6.24818504e-01  1.53854385e-01  2.52766132e-01 -1.01030856e-01
 -1.00650646e-01 -1.20641157e-01  1.24061716e+00 -1.19271651e-01
 -2.69493103e-01 -1.15486205e-01 -3.95174325e-02 -6.77266121e-01
  1.51126400e-01  4.92918529e-02 -2.50795186e-02 -1.31317705e-01
 -2.79601932e-01  5.04946172e-01 -1.03422970e-01  7.18324304e-01
 -2.07762927e-01 -2.89688468e-01 -8.73829424e-02 -5.70670903e-01
 -3.28516781e-01 -8.47313523e-01 -4.19416934e-01 -5.40414929e-01
  5.45064747e-01  4.30371016e-01  2.14639530e-02 -2.53602415e-01
 -4.81414720e-02  6.07034266e-01  1.06124127e+00 -2.80649990e-01
 -1.14148505e-01  2.03588217e-01  2.48880126e-02  1.62747276e+00
  5.81893206e-01 -3.87402236e-01  3.74575377e-01  4.96296316e-01
  2.00558245e-01 -4.34046119e-01 -1.03077590e-02  7.57082522e-01
  2.62016416e-01 -3.46645355e-01 -9.10488367e-01  6.57745361e-01
 -7.69265950e-01  1.76641136e-01  2.61136562e-01  7.72185624e-02
  2.05750987e-01 -6.13913000e-01 -2.33169168e-01 -3.56519490e-01
  2.80809969e-01  6.27745628e-01 -2.09202059e-02  5.21262705e-01
 -1.93431914e-01  3.18987995e-01  2.95815974e-01  2.72113562e-01
  5.43633774e-02  7.42360413e-01  1.16979718e+00 -1.02336958e-01
 -1.93394229e-01 -1.93241119e-01 -2.66502082e-01 -3.84002775e-01
 -6.58723652e-01 -5.03861606e-01 -5.53390503e-01 -1.40431905e+00
 -5.13076305e-01 -6.61060736e-02 -1.02627432e+00 -2.39346862e-01
 -5.22691369e-01  8.95106643e-02  2.41858318e-01  4.92217541e-01
 -1.17363840e-01  2.86476433e-01  1.35769129e-01  2.49027207e-01
 -5.43188035e-01  2.16513276e-01 -8.94282088e-02  5.95841348e-01
  1.28643680e+00  4.25522476e-01 -1.53576300e-01 -3.87363642e-01
  5.34211993e-01  4.68265504e-01  1.51258141e-01  2.22289264e-01
  6.84763715e-02  3.33973885e-01 -5.51974654e-01  6.26265824e-01
  6.72960520e-01  4.47050303e-01 -5.39730072e-01 -3.35750848e-01
  4.58710343e-01 -5.95930219e-01 -3.94920632e-02  1.80653721e-01
 -4.75871205e-01 -9.03151393e-01 -6.67890549e-01  8.84861112e-01
  1.77759171e-01 -1.17041755e+00  5.79299271e-01  1.33499280e-02
  4.44860980e-02  5.18250346e-01 -2.86459148e-01 -1.56702831e-01
 -5.30503914e-02 -1.14669991e+00  2.60231078e-01 -5.19418895e-01
 -5.88108480e-01  4.58746329e-02  2.35622063e-01 -2.53185956e-03
 -4.44595289e+00 -5.21510839e-01  1.64356202e-01 -4.32704538e-01
  2.91903377e-01 -1.32926449e-01 -3.03050876e-01  2.10695326e-01
 -5.43720186e-01  6.45008326e-01 -6.05907917e-01 -1.01004767e+00
 -2.88349271e-01  5.15963197e-01  1.78718999e-01 -5.65562069e-01
  1.25070304e-01  1.00939468e-01 -1.17026806e-01  1.78709733e+00
 -4.27173853e-01 -7.38410354e-01 -5.67853004e-02 -5.39245605e-01
 -3.32540423e-02  6.68648660e-01  1.20100334e-01  6.07343912e-01
 -6.80692077e-01 -5.39041996e-01 -4.21326697e-01  2.05648430e-02
  6.86900914e-01 -2.56309062e-01  1.70997128e-01  1.11172386e-01
  2.17177778e-01 -4.18290794e-01  4.27841097e-01 -4.18580830e-01
 -2.99049020e-01 -4.14455354e-01  6.37555957e-01 -2.12346077e-01
  4.99400288e-01 -2.44214416e-01 -2.47681558e-01 -1.01181948e+00
  2.93591917e-01  6.40040457e-01 -3.98471057e-01 -4.46221769e-01
 -4.66730803e-01 -2.57358879e-01 -6.60515130e-02  2.21945047e-01
  8.05113256e-01  3.00431773e-02  4.70503509e-01 -2.34658331e-01
  7.64855891e-02 -3.60187858e-01 -2.24359706e-01  8.32352400e-01
 -4.99908924e-01 -4.06408757e-02 -1.21573174e+00 -1.74417138e-01
  4.13493276e-01  2.71545351e-01  1.25083357e-01  6.76566601e-01
 -1.46704048e-01 -1.45504665e+00 -4.90395948e-02 -4.90877405e-02
  3.64605457e-01 -2.76355803e-01  3.03239256e-01 -3.12533379e-02
 -7.47963846e-01 -7.84981191e-01 -2.04826385e-01  6.80286884e-02
  2.69258469e-02  4.68362644e-02  3.18761796e-01  1.81885704e-01
 -1.34163871e-01 -5.77169061e-02  1.69054568e-01  1.04724872e+00
  1.90596849e-01  9.96754706e-01 -5.25007665e-01 -4.06104028e-02
  5.65276742e-01 -1.44459963e-01  5.60316622e-01  4.05127630e-02
  8.29240084e-01 -5.72830439e-01  5.27829885e-01  3.04412305e-01
  1.36110461e+00  6.94628656e-01 -9.57885504e-01  4.03537810e-01
  6.24636531e-01  1.53340548e-01  4.54677582e-01 -7.37354636e-01
  7.19534159e-02 -8.25677812e-02 -7.10508287e-01  7.13204503e-01
 -4.69713271e-01  9.50611472e-01  3.99619132e-01  1.41232610e-02
  9.15296376e-04  2.75386661e-01 -4.49946821e-01 -9.41352844e-01
 -1.32233441e+00  6.59454241e-02 -4.55573380e-01  1.93484575e-01
 -3.64810586e-01  1.38830379e-01 -2.13660315e-01  5.64632118e-01
 -8.41044411e-02  1.75900280e-01  1.88665673e-01 -3.03837627e-01
 -4.79400694e-01  6.57967627e-01  1.70541167e-01  2.78733820e-02
  8.40561241e-02  4.18193519e-01 -6.37347460e-01 -3.82285327e-01
 -8.75781119e-01  1.23709619e+00  2.20573515e-01 -3.76433343e-01
 -5.73272519e-02 -5.89252934e-02 -6.59218609e-01 -1.04314536e-02
  2.94356167e-01  5.51174164e-01 -8.50257874e-02 -1.20034009e-01
  1.83964312e-01 -3.60669702e-01 -2.48042598e-01 -1.27100372e+00
  5.20119190e-01  2.67665595e-01  3.51610839e-01  3.65305483e-01
  3.84464085e-01  4.59790498e-01  1.36323929e-01  2.47485951e-01
 -4.03804123e-01  7.66786933e-03 -3.60904336e-01  3.62143442e-02
 -1.95610583e-01  5.82469488e-03  2.98394918e-01  2.98483700e-01
 -2.94416338e-01 -2.22030163e-01  3.96180809e-01  2.50301898e-01
  1.71567813e-01 -1.12777121e-01 -4.88316894e-01 -1.20663732e-01
 -5.57378232e-02  1.21611074e-01  2.36085281e-01 -3.28935385e-01
  4.68388349e-01 -1.21403016e-01 -6.72354162e-01 -7.74402395e-02
 -5.35887182e-02 -7.33067244e-02 -7.38166690e-01 -5.54306507e-01
  2.50097603e-01 -4.47403669e-01  1.19848393e-01  6.21156514e-01
  5.42041779e-01  4.65669900e-01  6.59804866e-02  9.59475264e-02
 -2.45103359e-01  4.78542209e-01 -5.69907874e-02 -2.92757332e-01
  1.08277649e-01 -6.94089413e-01 -1.09772578e-01 -2.99226731e-01
  4.68802601e-01 -4.88311909e-02 -2.20267326e-01  7.55220801e-02
  1.89015314e-01  1.58374548e-01 -8.12139511e-01 -3.13905701e-02
 -7.99466491e-01 -4.79179889e-01  4.59066570e-01 -7.91118667e-02
 -2.00674504e-01 -5.63903332e-01 -2.23384038e-01 -8.93972158e-01
  1.46794304e-01 -6.43769920e-01  1.04373708e-01 -1.20979689e-01
 -3.78748067e-02  4.74246554e-02 -6.66823387e-01 -1.12881005e-01
 -2.52161205e-01 -3.52845609e-01  1.52452454e-01 -3.28314304e-01
 -3.31882864e-01 -5.44726253e-01 -2.29834184e-01 -5.35466015e-01
  3.30835938e-01 -1.21112835e+00  3.10291260e-01  1.93379130e-02
 -1.65183991e-01  5.25640130e-01 -2.21840203e-01  7.41250992e-01
  3.38796675e-01 -5.01871586e-01  5.16704440e-01 -9.69726622e-01
 -5.29609680e-01  3.13844770e-01 -4.70135063e-01 -4.88504142e-01
  4.26164091e-01  5.95370650e-01 -7.88455725e-01  6.31758928e-01
  2.41382718e-02  4.69203219e-02  5.82130611e-01  7.76001811e-01
 -2.10045762e-02  1.90412119e-01 -7.97522187e-01  5.88411152e-01
  7.83450007e-01  4.38198805e-01  3.39816839e-01 -3.77902389e-01
 -3.11238348e-01  8.88285041e-02  4.09136891e-01 -4.46727097e-01
 -1.02245539e-01  4.92385402e-02 -9.35869694e-01 -1.61960736e-01
  2.67896324e-01 -2.49313042e-02  3.39114726e-01  7.72863269e-01
  3.28629702e-01 -1.97553605e-01 -1.00084472e+00  5.11759445e-02
 -3.22599649e-01 -7.07028329e-01 -6.90424442e-03  1.61810219e-02
  9.64576721e-01  6.66814327e-01 -1.27164721e-01 -6.98117316e-01
  8.34604949e-02  1.98050141e-01  5.19807398e-01  2.26209119e-01
 -8.90585899e-01  4.04999793e-01  3.23265493e-02 -2.08279312e-01
 -3.69400501e-01  1.80574805e-01 -4.46081668e-01 -8.38212729e-01
  7.35608339e-01  1.63557649e-01  1.11429885e-01 -2.71622241e-01
  2.55664498e-01 -5.78599334e-01  8.86864364e-02  9.44425106e-01
  5.97064160e-02 -6.07291579e-01  9.69661713e-01  4.60007459e-01
 -4.02428597e-01  5.34771681e-01 -7.43817329e-01 -4.34126079e-01
 -5.08784711e-01  2.93290555e-01 -1.42947525e-01 -2.31483430e-01
 -4.19515699e-01  1.02137172e+00 -5.68593204e-01 -4.49052453e-01
  2.30233699e-01 -7.41918743e-01  1.08327508e+00 -3.13779473e-01
 -3.05943847e-01 -2.04866335e-01  6.96933806e-01  1.03863192e+00
  2.71388561e-01 -2.24556133e-01  5.77917658e-02 -2.76352584e-01
 -3.26822326e-03  1.09389627e+00  6.18461296e-02  1.49489060e-01
  3.30164164e-01 -1.14808753e-01  3.22858542e-01 -5.43122649e-01
  6.79893255e-01  6.61825478e-01 -2.48804957e-01  3.89625907e-01
  4.25605923e-01  2.32648671e-01  1.03165889e+00 -4.77790475e-01
 -1.14813425e-01  2.46380791e-01  3.18582714e-01  4.76710856e-01
 -1.27947688e-01 -1.13580510e-01 -1.06407657e-01  7.42300034e-01
  1.62978306e-01 -5.76876104e-03  7.36878365e-02  1.03403568e+00
 -8.00463110e-02 -3.65604728e-01 -6.89587951e-01 -2.46770203e-01
  7.36277163e-01  8.55172947e-02 -3.54458429e-02 -4.47965324e-01
  2.66483575e-01 -8.10928762e-01  3.86581540e-01 -7.10192084e-01
 -3.08614433e-01 -2.00120062e-01 -1.80000365e-01 -3.48151214e-02
  9.25966576e-02 -5.62238574e-01  6.30339801e-01 -3.18373531e-01
  4.52930391e-01  3.41945678e-01  7.75599122e-01  1.95429966e-01
  2.25425363e-02 -1.07058072e+00  7.68049061e-02  3.18151206e-01
  4.59531993e-01 -2.01098382e-01 -5.97187698e-01  7.14284658e-01
 -3.53514522e-01 -8.59198213e-01  5.36620319e-01  7.45244563e-01
 -4.76575315e-01 -1.42711401e-01 -6.03462279e-01  8.69596839e-01
  1.10123768e-01 -3.51945281e-01 -4.36730564e-01  4.37232405e-01
 -1.16362941e+00 -5.61642051e-01 -5.81262112e-01  8.66414309e-01
 -7.29486942e-01  2.05405444e-01  5.62836751e-02  5.25613666e-01
 -9.66088921e-02 -3.56187880e-01  8.28473151e-01  8.22978377e-01
 -1.87538400e-01  9.14388180e-01  2.05707759e-01 -1.26168180e+00
 -1.77173764e-01  7.89469659e-01  1.02913022e-01 -5.76780140e-02
  4.60149139e-01  9.06188905e-01  7.33314455e-02 -2.80028254e-01
  3.90954837e-02  2.57077664e-01 -6.01799905e-01  2.63691116e-02
  2.25255340e-01 -1.84773266e-01  4.74046826e-01 -4.57354262e-03
  2.16485858e-01 -3.56847793e-01 -4.76783127e-01  3.04637700e-01
  7.34361172e-01 -2.11046576e-01  1.04002163e-01  9.89084005e-01]"
1,this is a test,a,"[-1.82004735e-01 -3.06921899e-01  1.02183414e+00 -2.48683438e-01
 -5.97974136e-02 -5.60703754e-01  5.05420029e-01  2.80376107e-01
 -4.79528993e-01 -2.69048274e-01 -9.83678624e-02 -9.95317936e-01
 -3.89426321e-01  7.20586598e-01 -2.01213166e-01  7.99719915e-02
  1.29572719e-01 -2.62217611e-01  3.96842837e-01 -3.13317835e-01
 -4.59687740e-01  4.24276233e-01 -7.72327900e-01  2.02541500e-01
  3.78217250e-01  5.66847324e-01  3.64398032e-01 -1.97976857e-01
  1.14014916e-01  2.84204513e-01  3.81646395e-01  3.19718152e-01
 -2.46634781e-01 -5.32043338e-01 -8.25245678e-02 -5.85230052e-01
  4.21830043e-02 -5.81079304e-01 -3.55560094e-01  1.31125867e-01
 -1.08638033e-01 -4.96296287e-01  5.44139743e-01 -4.41039987e-02
 -6.67665839e-01 -2.27492079e-01 -5.25080323e-01 -3.98292303e-01
 -1.16757534e-01 -5.80458522e-01 -4.18092459e-01 -2.96606779e-01
  7.19323009e-02  1.76554784e-01 -9.46497917e-03  1.60686612e-01
 -7.77931809e-02 -6.28770530e-01 -6.81774795e-01 -1.29978769e-02
  9.54312742e-01  1.17720470e-01  3.28496218e-01  1.07329145e-01
  6.47922814e-01  5.94604313e-01  2.58788139e-01 -3.82698700e-03
 -1.00415766e+00 -1.04892002e-02 -5.89792788e-01 -4.88397568e-01
 -1.69819444e-01 -1.13208584e-01 -3.94012630e-01 -4.06417459e-01
  8.71423185e-02 -2.29477465e-01  1.34439245e-01 -6.68093204e-01
 -5.53147979e-02  2.69228846e-01 -4.49200779e-01  3.98830563e-01
 -3.15934181e-01 -3.45296621e-01 -4.43686545e-01  4.45114195e-01
 -6.76749408e-01 -4.22790527e-01  1.54965326e-01 -1.29564181e-01
  2.46747974e-02 -4.67448354e-01  1.19700968e-01 -4.88743663e-01
  2.75111616e-01 -3.84188771e-01  6.88618422e-02 -3.91352177e-01
  3.37167621e-01 -8.92800152e-01  4.12265956e-01  3.41765165e-01
  8.93372521e-02 -8.95178676e-01 -5.17651960e-02  3.04424137e-01
 -3.37197594e-02 -1.13829924e-02  4.69870925e-01  4.45866019e-01
  3.58513951e-01  4.05470207e-02 -5.45079827e-01  1.14272630e+00
 -7.70654976e-02  1.88058168e-01  3.16516310e-01  5.14948368e-02
  1.63565308e-01  6.73379749e-02 -2.11893186e-01  4.41469364e-02
  3.61955851e-01  6.49741292e-01 -2.90576518e-01  5.56023061e-01
 -4.58047837e-01 -3.09189141e-01 -1.21651247e-01  3.94564927e-01
  5.64618230e-01 -4.16247219e-01  4.46971983e-01 -4.67574298e-01
 -2.69840598e-01 -7.80834675e-01 -8.69424343e-01  1.24260515e-01
 -2.61007279e-01 -3.93932462e-01  2.56682992e-01 -2.84548551e-01
  3.39554399e-01 -4.03971523e-01 -1.48829326e-01 -5.15799224e-01
  6.60654545e-01  4.93840247e-01  3.38310376e-02  6.58591628e-01
 -4.78869677e-01 -8.26592267e-01 -3.09945405e-01 -3.52421373e-01
 -5.24332225e-01  4.34920639e-01 -4.01163250e-01  4.59224433e-01
  5.84856927e-01  5.12951612e-01  3.24518830e-01  1.10357821e-01
  5.18211246e-01 -1.64969832e-01  4.50103432e-01  7.53592849e-01
  2.21074559e-02  1.42988592e-01 -3.83333951e-01 -4.08027738e-01
  8.66119921e-01  2.62017041e-01 -2.35093683e-01  1.33719757e-01
  3.12063515e-01  3.62424143e-02  3.60238463e-01 -3.46684121e-02
 -2.98058331e-01  9.78335440e-02  2.41872251e-01 -2.09267005e-01
  9.81409568e-03 -2.62205780e-01  5.05381264e-02 -8.83754641e-02
  1.38854593e-01  8.52407396e-01 -1.26057774e-01  8.84687155e-03
 -4.19578791e-01  1.11167384e-02  1.58538193e-01 -3.20851773e-01
 -2.29161769e-01 -7.53817037e-02 -2.30888817e-02  1.93536729e-02
  1.54382974e-01 -1.44978404e-01  3.62449110e-01 -3.68124455e-01
 -3.29431236e-01  4.87639248e-01  6.63639545e-01 -4.65489924e-02
 -4.51159745e-01  6.08875632e-01 -3.93243045e-01  1.24315417e+00
  6.12803817e-01 -3.86010051e-01  1.50358558e-01  5.35534203e-01
 -7.16509745e-02 -2.70679817e-02  1.31278634e-02  4.64568853e-01
  9.06358242e-01  6.64095581e-02 -7.04423130e-01  1.39400035e-01
 -1.48519635e-01  7.11093903e-01  7.31907368e-01 -2.53975093e-01
  1.05385125e+00 -4.49675649e-01 -1.51422963e-01 -3.28032076e-01
  1.91307634e-01  8.98013055e-01  2.44546145e-01  4.29235816e-01
  8.20870139e-03 -3.98964956e-02  3.15229416e-01  2.99272627e-01
 -2.42619962e-02  4.97404337e-01 -9.67033803e-02  2.77600229e-01
  4.13585678e-02 -9.94082838e-02 -3.60960007e-01  9.04498249e-02
 -1.83553964e-01 -8.13271403e-01 -2.88220793e-01 -1.22921515e+00
 -2.55338788e-01 -4.23456252e-01 -6.18582129e-01 -2.90818751e-01
 -3.75335872e-01 -5.38369060e-01  2.42856771e-01  6.29807293e-01
 -2.42501467e-01 -4.74410914e-02 -2.15115488e-01 -3.32047164e-01
 -2.86694944e-01  6.03584230e-01 -3.31119895e-01  3.67368072e-01
  6.55221522e-01 -5.41159660e-02 -4.65204716e-02 -3.00652027e-01
  6.16657473e-02  3.80543947e-01 -4.93416727e-01  2.60482669e-01
 -2.10211068e-01 -6.39020950e-02 -3.75440300e-01  9.26791191e-01
  6.74532771e-01  4.59252954e-01 -8.85195971e-01 -1.94682330e-01
  5.56563377e-01 -4.93026823e-01 -3.07519399e-02  8.97734404e-01
 -3.96746576e-01 -2.97334880e-01 -2.68875718e-01  5.23803353e-01
  6.61686361e-02 -1.02583897e+00  3.57743472e-01 -1.67731214e-02
  5.64894140e-01  3.59297782e-01 -1.73372030e-01 -1.77199557e-01
 -2.25542367e-01 -2.84008414e-01 -3.60775352e-01  2.10026532e-01
  1.17598712e-01 -3.48172262e-02 -3.52194786e-01 -6.52912319e-01
 -5.45186472e+00  9.20850337e-02  1.64034724e-01 -9.78550375e-01
  5.11732921e-02  2.06976786e-01 -5.57129025e-01 -9.28322598e-02
 -6.21422291e-01  5.49596786e-01 -8.45057726e-01 -3.05537134e-01
  4.50134128e-02  4.74333763e-01  3.76155704e-01 -5.13725281e-01
 -3.71686608e-01 -9.23701003e-02  7.49470145e-02  9.43723977e-01
 -3.19234371e-01 -1.48135006e-01 -8.64900127e-02 -6.40946209e-01
 -7.36450478e-02  8.83469403e-01 -7.31864214e-01  3.07227939e-01
 -3.62976760e-01  9.26045477e-02 -2.82821745e-01 -1.98548347e-01
  1.67492852e-01 -5.69894195e-01 -2.50469930e-02  4.03108209e-01
  3.47417891e-01 -7.60609388e-01  2.17816252e-02 -1.78694680e-01
 -1.95161521e-01 -1.81068003e-01  6.39142573e-01  9.19552863e-01
  5.52729905e-01 -1.67574167e-01 -3.69015276e-01 -3.79613601e-02
 -1.49421066e-01  2.96226680e-01 -5.26764035e-01 -2.13677704e-01
  6.73505664e-02 -3.33989739e-01 -9.25014913e-02  1.94570005e-01
  6.48438632e-01 -4.99052890e-02  7.08593607e-01 -2.85997987e-01
 -5.95227957e-01 -6.86460912e-01  2.11482748e-01  9.10025597e-01
 -6.07946776e-02 -2.26089001e-01 -1.59118995e-01 -9.26921368e-01
  5.05205035e-01 -1.52507350e-02 -1.79933220e-01  5.52982807e-01
  9.35243070e-03 -1.19900382e+00  1.83584616e-01 -5.66917717e-01
 -2.57438391e-01 -3.44134182e-01  7.58308530e-01 -3.36746395e-01
 -6.70551360e-01 -4.61004436e-01  2.34700263e-01 -1.57528520e-01
  4.58764523e-01  2.06483811e-01  1.68899149e-01  2.60800153e-01
  1.31278727e-02 -2.21922219e-01  5.00969708e-01  1.35977554e+00
  4.82110739e-01  5.15439153e-01  4.91713956e-02 -4.65782732e-02
  5.63451529e-01 -1.41505063e-01  8.74360383e-01  1.39808044e-01
  4.23241556e-01 -7.91276038e-01  2.19233811e-01  1.87401995e-02
  3.84181410e-01  2.03667991e-02 -1.12744236e+00  4.38642979e-01
  4.96446818e-01  5.13930261e-01  6.00408494e-01 -3.04028392e-01
  2.35834017e-01 -3.90081912e-01 -3.13516229e-01  2.52163500e-01
 -3.92195731e-01  3.60175997e-01  5.72375178e-01  2.19079182e-01
  4.21789914e-01  3.92144203e-01 -2.58882046e-01 -9.29441631e-01
 -3.33554268e-01  2.42192060e-01 -6.38804138e-01  2.63427734e-01
 -4.16964650e-01 -2.23752230e-01 -3.97825241e-01  3.96440536e-01
 -7.42456466e-02 -2.04446837e-01 -8.15978870e-02 -5.82301795e-01
 -6.37759268e-01  7.36691415e-01  6.78600788e-01 -5.59467115e-02
 -2.28900164e-02  7.41643906e-02 -4.16819230e-02 -6.09266996e-01
 -3.32165301e-01  2.79615253e-01  2.11625665e-01 -3.35058033e-01
 -8.93961787e-02 -1.11154519e-01 -4.02414620e-01 -4.04926777e-01
  3.76737237e-01  3.37864459e-01 -4.15958405e-01 -3.99383187e-01
  9.45748389e-01 -2.37123922e-01 -3.59564036e-01 -3.32576871e-01
  2.95475006e-01 -1.10633500e-01  8.05192530e-01  1.60774499e-01
  4.54519093e-01  2.53862619e-01 -9.05181915e-02  2.98815399e-01
 -3.71162772e-01  4.53648418e-02 -6.84806943e-01  1.54396594e-01
  1.41368955e-02 -6.26143590e-02  7.95410350e-02  5.87342918e-01
  6.60065934e-02 -4.10417974e-01 -2.40907937e-01 -3.39655578e-01
  3.59595299e-01 -1.06497481e-01  3.40919703e-01 -1.38368934e-01
  8.04556757e-02 -2.73009866e-01 -2.30853245e-01  1.69697702e-01
  1.08053088e-01 -1.01102151e-01 -6.21311367e-02  2.72895694e-01
 -4.21407282e-01 -8.36419407e-03 -5.53586721e-01  1.33798525e-01
  4.90999192e-01 -1.06488898e-01 -1.27183348e-01  2.09859014e-01
  2.88166314e-01  2.29868442e-01 -2.51781493e-01 -4.37638491e-01
  3.95978838e-01 -1.72507092e-01 -1.90053239e-01 -2.11651996e-02
 -3.39532614e-01 -3.09325129e-01 -4.21744920e-02 -3.96374881e-01
  2.58515000e-01 -4.93950188e-01  1.10722169e-01  1.90625325e-01
  9.38714668e-03  2.11104617e-01 -4.93287623e-01  1.14078604e-01
  4.80121434e-01 -5.94884217e-01 -3.38133276e-01  1.00547187e-01
 -3.64062965e-01 -2.06805468e-02 -6.39537632e-01 -4.19415116e-01
  2.49088556e-01 -2.56498978e-02  3.65511835e-01 -3.43321830e-01
 -2.73414433e-01  1.36773169e-01 -3.78713280e-01 -3.10228109e-01
 -6.69985473e-01 -1.46913871e-01 -3.66589785e-01 -1.88857853e-01
 -2.89451271e-01  8.24922770e-02 -9.14309144e-01 -5.25439233e-02
  6.58177137e-01 -1.05773056e+00  3.95503938e-01 -4.95970584e-02
 -2.07925335e-01  2.22706407e-01 -6.39000237e-01  2.55351186e-01
  3.63432646e-01 -6.48635089e-01  4.16936785e-01 -1.15794785e-01
 -1.75979182e-01  7.20505059e-01 -4.29797769e-01  3.98013562e-01
  2.77601957e-01  2.13832021e-01 -2.65742302e-01  6.58892393e-01
 -2.41926730e-01 -6.55487105e-02  6.12241507e-01  1.75984845e-01
 -1.93756521e-01  5.47569275e-01 -6.68742955e-01  4.61369276e-01
  1.16292953e-01  4.00406510e-01  2.79540986e-01  5.25594503e-03
 -4.44885731e-01 -1.52232856e-01 -9.64385569e-02  3.29636931e-01
 -1.44784793e-01  1.61557704e-01 -2.64968663e-01 -2.83602595e-01
  6.73479736e-01  8.13335776e-02  4.17667404e-02  1.15351230e-01
 -3.03328224e-02 -1.72067016e-01 -6.64085031e-01  4.92414355e-01
 -7.80459493e-02 -2.59847760e-01 -6.20259643e-02  1.76123247e-01
  4.14594293e-01  2.29086876e-01 -6.41091913e-02 -2.95430928e-01
 -1.62705541e-01  8.68125856e-02  6.19454801e-01  4.53176200e-01
 -8.31576467e-01  2.92552412e-01  2.83415429e-02 -7.94989288e-01
 -2.67597716e-02  4.42540139e-01 -3.23802531e-01 -5.19891322e-01
  6.98293924e-01  3.35748523e-01 -2.68006384e-01  2.07803145e-01
  7.02950001e-01 -3.72662932e-01 -3.14642370e-01  4.18289602e-01
  1.64802253e-01 -4.30197835e-01  2.47856870e-01  8.96045938e-02
 -3.95526029e-02  5.60366273e-01 -1.02379233e-01 -2.88515627e-01
 -4.42807823e-01  4.09443647e-01  1.59131557e-01  3.57748985e-01
 -1.83725446e-01  1.59608498e-02 -4.01909888e-01 -1.09238662e-01
 -1.32860065e-01 -6.89617693e-01  7.28181362e-01  1.71984404e-01
 -1.70080811e-02  7.52771320e-03  8.49551976e-01  1.01657879e+00
  7.20431060e-02 -6.54009104e-01  6.23532116e-01  3.54632251e-02
 -2.66572595e-01  9.92340565e-01 -2.34254196e-01  1.54542297e-01
  4.41197380e-02 -2.56435722e-01  1.44917861e-01 -5.16485795e-02
  3.13994855e-01  5.15613735e-01  5.99682510e-01  5.27173057e-02
  4.74082977e-02  2.72458255e-01  8.18091393e-01 -1.63810760e-01
  6.92260563e-02  2.76410710e-02  1.98077843e-01 -3.48960131e-01
 -4.93158042e-01 -1.79952398e-01  3.80496085e-02  1.33700550e-01
  6.48739100e-01  8.70059133e-01  2.05767602e-01  3.67059231e-01
  4.89880741e-02  4.12917286e-01 -3.41177359e-02 -6.73464015e-02
  6.02543615e-02  6.75207794e-01 -1.87911406e-01 -3.17764819e-01
 -2.75468290e-01 -2.95603931e-01  2.31860355e-01 -2.28491277e-01
 -3.82572234e-01 -5.42696118e-01  7.25353509e-03 -1.52697489e-02
 -9.59641039e-02 -3.64487916e-01  4.73597467e-01 -2.88435578e-01
  3.84265661e-01  4.68466669e-01  1.09524333e+00 -2.77075052e-01
  4.68331635e-01 -2.64037251e-01  1.55492947e-01 -4.18467075e-02
 -2.68882513e-02 -8.37223679e-02 -1.69665888e-01  5.59925258e-01
 -9.11752939e-01 -1.13340162e-01  5.22714496e-01  3.30253959e-01
 -2.12533623e-01  5.67763865e-01 -5.97644389e-01  1.73084602e-01
  3.99841964e-01  1.95843846e-01 -2.39961013e-01  3.58604938e-01
 -7.77836561e-01 -3.07968676e-01 -3.09146076e-01  8.21063042e-01
 -5.30305266e-01 -5.93766421e-02  6.00508526e-02  3.16411197e-01
 -3.04962844e-01  1.32918745e-01  2.68352330e-02  3.59027505e-01
 -3.95997316e-01  4.25967902e-01  3.28276932e-01 -1.16245008e+00
 -1.64210618e-01 -1.35385215e-01 -1.40689462e-01 -2.20324278e-01
 -5.03003597e-03  4.63491976e-01  7.03313202e-02 -2.56336689e-01
 -4.88058060e-01  2.48861551e-01 -1.17791735e-01 -1.20381333e-01
  1.27270967e-02 -3.99399102e-02  5.23006171e-03  2.62457430e-01
  4.82660770e-01 -6.01196170e-01 -3.91814202e-01  2.46126071e-01
  2.58972108e-01 -1.59036815e-01  8.40754509e-02  1.39616072e+00]"
1,this is a test,test,"[ 5.33812344e-02 -4.90423888e-01 -2.43629105e-02 -1.21446043e-01
  4.64629233e-01  3.02088857e-01 -3.04736337e-03  1.65599495e-01
 -2.36730039e-01 -3.56600970e-01 -2.61781335e-01  2.11708561e-01
  2.13470504e-01 -2.32443526e-01 -4.24302250e-01 -5.33459723e-01
  6.20470382e-03  1.02168567e-01  6.32753253e-01  3.45204264e-01
  1.71265960e-01  4.61617619e-01  4.60752249e-02 -4.76660490e-01
 -1.00738602e-02  4.35116768e-01 -3.12702656e-01 -4.32098478e-01
 -2.02859193e-01  4.50649351e-01 -8.28440338e-02  7.62909353e-02
  5.45497715e-01  7.04682529e-01 -1.03762960e+00 -4.39750493e-01
  5.18622160e-01  3.54743659e-01 -7.31033683e-01 -2.18579680e-01
  1.79310098e-01 -3.63804162e-01  2.17929393e-01 -3.03057462e-01
 -4.38694566e-01  2.79311240e-01 -9.26777422e-02 -4.49880213e-01
 -2.82035649e-01 -3.92755240e-01 -7.54920781e-01  7.61005819e-01
 -2.77214080e-01  4.31066990e-01 -2.13126242e-01 -3.33437681e-01
  5.91825172e-02 -1.53712124e-01 -2.69161761e-01 -3.35829496e-01
  5.65228999e-01  1.50825098e-01 -1.85341761e-03  1.63976550e-01
  7.27453887e-01  1.85252830e-01  6.92245603e-01  1.79746896e-01
 -4.93872374e-01  2.18400642e-01 -7.15292215e-01  5.43998837e-01
  6.93911612e-02 -3.85950267e-01 -1.43931493e-01 -9.21090916e-02
  1.54838189e-02  4.59019765e-02  2.61591733e-01 -2.81926632e-01
 -3.08867157e-01  6.43668711e-01 -1.52680576e-01 -1.35627940e-01
  4.46471274e-02 -5.53969383e-01  2.03722328e-01 -3.82350057e-01
 -1.28592461e-01  6.37131870e-01  3.09502542e-01 -1.76501125e-01
 -1.94768026e-01 -1.31558672e-01  2.39899650e-01 -2.93411076e-01
 -2.68720746e-01 -9.18337777e-02  5.48891962e-01 -8.78368676e-01
 -7.53054678e-01 -1.05512023e+00 -2.74065197e-01  3.86203468e-01
 -2.41045535e-01 -3.64096284e-01 -5.63527346e-02  1.16714343e-01
 -4.35330570e-01 -4.28740717e-02  5.16432561e-02  3.46702605e-01
  2.90586948e-01 -1.51724190e-01 -1.39290750e-01  8.91375959e-01
 -6.38299659e-02  6.04758970e-02  8.62849891e-01  3.07765216e-01
 -2.88216919e-01  2.86664844e-01 -1.45865843e-01  8.43323052e-01
  2.77031690e-01  5.86281121e-01 -1.81488857e-01 -8.21037292e-02
 -6.24519348e-01 -1.96025640e-01  8.40061251e-03  8.70236158e-01
  5.31555653e-01  2.91571558e-01 -2.84868866e-01 -7.34671891e-01
 -4.21794742e-01 -3.60908926e-01 -3.54886681e-01 -6.28762007e-01
  3.12112600e-01  2.15817660e-01 -5.67752421e-02  3.42543095e-01
  2.77841538e-01 -2.79694647e-01 -5.91422439e-01 -6.65703237e-01
 -1.84475213e-01  2.77901143e-01 -1.19378962e-01  1.36475372e+00
 -4.82860386e-01 -6.44259512e-01 -3.92882019e-01  1.70189589e-01
 -6.76499605e-01  5.65504804e-02 -3.31242919e-01  5.60924232e-01
  9.90143299e-01  4.00153190e-01  1.21936664e-01  5.05644560e-01
  4.10156608e-01  1.76247448e-01  3.84957403e-01  8.44719112e-01
  2.74487674e-01 -1.94598153e-01 -2.78299272e-01 -1.65246800e-01
  6.12138927e-01  2.81526536e-01 -5.96456707e-01  3.10548753e-01
  4.47022408e-01 -1.65490881e-02  1.25246882e-01 -2.12040097e-02
 -4.63668168e-01  1.13948017e-01 -4.20045942e-01 -2.32832894e-01
  9.75765362e-02  3.64182927e-02  4.58747417e-01 -8.73462021e-01
  2.77100772e-01 -6.19009435e-01 -4.20540750e-01 -8.09938133e-01
 -3.62155110e-01 -4.00407404e-01 -1.65026382e-01 -2.93379754e-01
 -5.56233466e-01 -5.13017550e-02  1.54692084e-01 -1.19420797e-01
  5.53986251e-01 -1.83492124e-01 -9.38836187e-02  4.77669358e-01
  1.60497397e-01  5.07498622e-01  5.12007117e-01 -1.62953213e-01
 -1.66747779e-01  1.83169872e-01 -7.11005926e-01  1.14482236e+00
  2.70164549e-01  1.21024132e-01  3.63716930e-01 -1.02443457e-01
 -5.19700721e-03 -1.86163299e-02  1.03244483e-01  3.92501503e-01
  5.49686968e-01 -4.29617375e-01 -3.30233753e-01 -1.19452819e-01
 -7.35201538e-01  4.33868647e-01  4.34221685e-01 -6.49993539e-01
  8.45164657e-01 -5.75520277e-01  1.78604513e-01 -7.30271816e-01
  2.83201009e-01 -1.60375774e-01  2.64871657e-01  5.93802989e-01
  5.36191583e-01  6.59313500e-02 -4.10984427e-01  1.32055968e-01
 -3.95706475e-01  2.10424125e-01  2.70646125e-01  4.22823459e-01
 -3.78094196e-01  2.16294646e-01  7.05072165e-01 -5.13465524e-01
  2.78501958e-01 -3.38793844e-01 -3.10385793e-01 -1.27417541e+00
 -2.80835807e-01  1.88277274e-01 -1.13991618e+00 -4.30866271e-01
 -4.98557746e-01 -6.87549531e-01  7.77775168e-01  5.32399416e-01
 -8.59340727e-01  3.71538430e-01  7.07084358e-01  3.08134109e-02
  2.45578140e-01  1.66520476e-01  3.26739311e-01  5.12250602e-01
  7.09460735e-01  1.45277902e-01  9.99779627e-02 -1.91191480e-01
  2.09576309e-01 -3.03808749e-01 -2.99606860e-01  6.79388106e-01
  2.46783406e-01  3.72947246e-01  1.09631054e-01  7.46918857e-01
 -4.00297754e-02  2.19151631e-01 -5.91153741e-01  1.05634958e-01
  1.40459406e+00 -5.74347377e-01 -1.28715903e-01 -4.41344768e-01
 -3.02352086e-02 -3.18496138e-01 -3.34475875e-01  8.95404160e-01
  2.45420039e-01  1.30739480e-01  8.64772856e-01  8.55307728e-02
 -1.19489133e-01  3.84070203e-02 -2.39982247e-01 -2.51509607e-01
 -5.66785157e-01  1.96347326e-01  4.98919070e-01 -9.64940637e-02
  6.31597638e-01 -9.52950940e-02 -2.06297264e-01  1.16111472e-01
 -5.36795473e+00 -1.99413598e-01  2.94939011e-01 -3.14791322e-01
  9.91354808e-02 -3.71817291e-01 -4.15847778e-01 -3.59603688e-02
 -9.22754407e-01  6.46400690e-01  8.79902467e-02 -1.88402638e-01
 -9.01946723e-02  2.00097337e-01  5.27566195e-01 -2.71692872e-01
 -2.48890638e-01 -2.42459938e-01 -3.07343900e-01  7.89657772e-01
 -5.03523767e-01 -2.78878938e-02  4.25865680e-01 -4.12015647e-01
 -3.81616056e-01  6.95755780e-01  6.47056252e-02  8.80351782e-01
 -6.54577255e-01 -2.44362891e-01 -3.72491837e-01 -4.46038872e-01
  5.22527874e-01  4.66060340e-01  2.47459680e-01 -4.51309532e-02
  1.06798738e-01 -5.05186975e-01  8.36010337e-01 -1.26338094e-01
  3.21642458e-01 -3.44742119e-01  2.90706128e-01  7.98484981e-01
 -2.60227501e-01 -3.04811262e-02  1.66058227e-01 -8.86704549e-02
 -1.38170384e-02 -1.69000313e-01  3.60713601e-02 -2.16062851e-02
 -3.12912539e-02 -5.18006027e-01 -4.12159085e-01 -8.00795406e-02
  2.23582536e-01  2.91122884e-01  2.30305851e-01 -3.24516982e-01
 -2.23151729e-01 -6.70774043e-01 -1.23505272e-01  5.61265588e-01
 -6.90474927e-01  2.09303685e-02 -6.12744629e-01 -5.75872540e-01
  3.98763478e-01  3.17800224e-01  1.76097415e-02 -4.43441570e-01
  4.85629857e-01 -1.50100052e+00 -4.93464381e-01  5.21921396e-01
 -2.45565206e-01 -2.10597813e-01  1.87293351e-01 -4.83562201e-01
 -4.58291695e-02 -4.61719960e-01  2.25592807e-01  3.22864771e-01
  6.13513947e-01  3.07730287e-01  4.33109373e-01 -9.17852700e-01
  7.01829940e-02  2.99422424e-02 -1.14024408e-01  3.63113135e-01
  1.04351485e+00 -4.54729088e-02  7.92770028e-01  2.15008155e-01
  2.67135113e-01 -1.81760475e-01  1.98765486e-01 -2.72893250e-01
 -3.54421645e-01 -1.06578219e+00 -1.58757314e-01 -9.21625048e-02
  6.62111789e-02 -2.77699471e-01 -1.57222986e+00  4.15035188e-01
  1.62412673e-01  1.01679735e-01  4.97657716e-01  3.88879806e-01
  6.15477189e-02  4.24985409e-01 -3.98314238e-01  5.19162342e-02
 -5.29765844e-01  6.57215491e-02  4.51849848e-01  2.11879075e-01
 -1.63738459e-01  4.15189326e-01 -4.53246415e-01 -4.37114760e-02
  1.40821934e-03  1.06461244e-02 -5.40838778e-01 -2.54243612e-01
 -1.14032298e-01 -1.45458430e-01 -2.26515532e-03  5.98344982e-01
  2.12923419e-02 -3.64312649e-01  1.83043167e-01 -2.46567786e-01
 -3.49909961e-01  1.01919484e+00  2.06407338e-01  3.57090771e-01
  8.59437525e-01 -1.21463403e-01  1.01580046e-01 -9.72194299e-02
  2.74170697e-01 -1.04442611e-02  1.65483519e-01 -1.06428377e-01
 -1.10234909e-01  2.24698991e-01  7.21754134e-01 -4.51534331e-01
  4.36672747e-01  7.27216899e-01  1.01417974e-01  3.49128515e-01
  6.86230659e-01 -8.29159379e-01  1.35369882e-01 -6.01917326e-01
  4.36779648e-01 -2.74191052e-01  1.59174308e-01 -1.84439093e-01
  4.53883797e-01  5.75737476e-01 -2.54842192e-01  5.40242016e-01
 -4.98624563e-01 -1.75859705e-01  1.30952984e-01 -8.02305579e-01
  2.11508021e-01  9.75820899e-01  4.68246490e-02 -2.87762225e-01
  1.16681792e-02 -3.87972116e-01 -1.11377351e-01  4.57239717e-01
  3.08899105e-01  6.55024126e-02  3.38472165e-02 -1.85235709e-01
  3.07610571e-01  2.09866077e-01 -3.60128999e-01 -7.44963344e-03
  1.84348300e-01  4.72661138e-01  2.64854550e-01 -1.17402107e-01
  2.09824398e-01 -1.37534365e-02  9.24284607e-02 -6.94593564e-02
  3.31666529e-01  3.85113060e-01  2.67582804e-01  3.41282070e-01
  1.98749468e-01 -4.77748603e-01 -3.24574672e-02 -4.33925897e-01
  2.22785413e-01  1.61918789e-01 -1.20579392e-01  5.17955422e-01
 -7.75540411e-01 -2.16322094e-01  3.30805182e-01 -4.09898460e-01
 -9.88300443e-01 -8.74813437e-01  1.39781222e-01  4.81525660e-01
  7.75494874e-02  2.69543417e-02 -1.59417875e-02 -4.58361894e-01
 -1.18606314e-02 -6.79789245e-01  4.40513313e-01 -1.34837613e-01
  2.18920872e-01 -5.18382430e-01  1.01813428e-01 -8.90068233e-01
  9.42552835e-03  1.20534852e-01  2.75358975e-01  4.10821289e-01
 -4.60978001e-01  1.17290802e-02 -1.80916041e-01 -5.90407312e-01
 -1.06163800e+00  1.05673075e-01 -4.50733244e-01 -6.91031396e-01
  1.90769643e-01 -4.26855564e-01 -9.46501553e-01  1.02279417e-01
 -2.35172603e-02  1.12202391e-01  8.34991708e-02  2.53405899e-01
  8.00842822e-01  1.01145029e+00 -3.94856900e-01  2.46845156e-01
  3.63356695e-02 -2.35336378e-01  3.14054549e-01 -5.27799964e-01
  3.34703803e-01 -3.72927487e-01 -1.18425936e-01  6.96385384e-01
 -4.28775102e-02  2.74954617e-01 -5.32386720e-01  3.42456281e-01
 -4.39728409e-01  2.52370268e-01 -1.81779936e-01  1.81706995e-02
  3.71080577e-01  7.84829199e-01 -9.36049819e-01 -1.11798063e-01
 -9.01056528e-02  5.26118994e-01 -6.20846331e-01 -1.29764169e-01
  1.91484869e-01 -5.26564658e-01 -1.09342970e-01  5.64230800e-01
 -9.71492976e-02  4.53916162e-01  4.58474964e-01  2.57921994e-01
  5.69474064e-02  1.95728347e-01 -6.75339937e-01 -4.06477153e-01
 -1.03834175e-01 -6.91541135e-01  2.10281491e-01  6.76385388e-02
  1.08046308e-01  1.86704352e-01  1.25660494e-01  6.72021151e-01
 -3.73034656e-01  5.85048139e-01 -1.44209430e-01 -4.52811718e-01
 -2.77447283e-01  3.87858659e-01  3.62205625e-01 -9.78105143e-02
 -5.11083841e-01  4.38872606e-01  1.13653488e-01 -4.52987254e-01
 -2.48326182e-01 -2.79948525e-02  2.62786150e-01 -1.51481092e-01
 -4.63011973e-02  2.89118499e-01 -9.35736239e-01 -2.26255327e-01
  5.13594985e-01 -7.08112180e-01 -2.59766161e-01  6.50689185e-01
 -3.06650288e-02 -1.88349426e-01  6.78361535e-01 -3.26617956e-01
 -1.84755281e-01  3.88261646e-01 -4.10310626e-01  1.29175372e-02
 -3.04094329e-02  5.51802337e-01  4.18674231e-01  4.99782354e-01
  2.15401173e-01  5.07673919e-01  9.10959765e-02 -2.05847755e-01
  5.30616760e-01 -2.57927179e-01 -2.27237850e-01 -2.45967150e-01
 -1.02033474e-01 -1.14571087e-01  2.58761704e-01  2.32657701e-01
 -3.52269679e-01 -3.77913594e-01 -1.39334410e-01  1.04644477e-01
 -4.68887895e-01  1.30327737e+00 -4.84033525e-01  7.16120899e-02
 -8.54410350e-01  1.44758150e-02 -1.94335356e-02 -2.14896128e-01
  2.69112438e-01  4.43453491e-02 -9.13851500e-01  2.16258690e-01
  5.67565203e-01  1.62720844e-01  4.89686131e-01 -3.37852061e-01
 -1.32910609e-01  3.28986198e-01  2.46600360e-01 -3.86439055e-01
 -1.75370291e-01 -5.63283145e-01 -3.94084990e-01  4.67729747e-01
  4.52972382e-01  1.03409100e+00  9.43348855e-02  2.55985051e-01
  4.91509616e-01  1.81642175e-01 -6.25064909e-01 -6.02242291e-01
  4.80034947e-01  1.64855093e-01 -3.41534704e-01 -7.33262897e-02
  8.22217882e-01 -3.72573227e-01  6.34735405e-01  3.98043245e-01
 -3.98522913e-01 -3.79883945e-01 -1.94095328e-01 -1.41183183e-01
  2.34928653e-02 -4.25646156e-01  6.33572340e-01 -5.46443015e-02
 -4.75411952e-01 -1.45850137e-01  3.80506665e-01  9.45944712e-02
  4.05840352e-02 -5.92072129e-01  1.05545536e-01 -4.11529392e-01
 -6.49236858e-01 -6.35450855e-02 -1.21911541e-01  4.46932763e-01
 -8.46378207e-01 -3.82197946e-01  6.80638611e-01  2.33971119e-01
 -1.62333965e-01  4.41673577e-01 -4.73015666e-01 -8.10711384e-02
  1.83527768e-01  4.87369448e-02  6.40241742e-01 -6.44570172e-01
 -8.34386826e-01 -1.07799232e-01 -5.90035617e-01  2.19163254e-01
  2.34429449e-01 -6.71728492e-01 -1.87629968e-01 -1.37118891e-01
 -1.18136056e-01  4.91528064e-01  1.93410024e-01  3.46557260e-01
  7.60101676e-02  8.92995477e-01  1.15246601e-01 -7.18814015e-01
  2.87974834e-01 -6.42454505e-01  3.41072887e-01 -4.34551314e-02
 -5.05355179e-01  2.16160238e-01  2.21432969e-01 -1.77207351e-01
 -2.49841079e-01  2.13861763e-01 -3.68613869e-01 -3.83845299e-01
  1.39383078e-01  1.48876682e-01  7.48260677e-01 -3.07752997e-01
  2.54397780e-01 -4.74353790e-01 -6.21975780e-01 -6.96182400e-02
  1.87409967e-01  1.50274202e-01  1.47781283e-01 -2.62325346e-01]"
